MONATSZAHL,AUSPRAEGUNG,WERT,VORJAHRESWERT,VERAEND_VORMONAT_PROZENT,VERAEND_VORJAHRESMONAT_PROZENT,ZWOELF_MONATE_MITTELWERT,DATE
Besucher*innen,Bayerisches Staatsorchester,6855.0,5181.0,20.58,32.31,3057.0,2020-01-01
Besucher*innen,Bayerisches Staatsorchester,4440.0,7032.0,-35.23,-36.86,2822.0,2020-02-01
Besucher*innen,Bayerisches Staatsorchester,0.0,0.0,,,,2020-03-01
Besucher*innen,Bayerisches Staatsorchester,0.0,4242.0,,,,2020-04-01
Besucher*innen,Bayerisches Staatsorchester,0.0,419.0,,,,2020-05-01
Besucher*innen,Bayerisches Staatsorchester,5181.0,335.0,304.45,1446.57,4365.0,2019-01-01
Besucher*innen,Bayerisches Staatsorchester,7032.0,880.0,35.73,699.09,4924.0,2019-02-01
Besucher*innen,Bayerisches Staatsorchester,0.0,4744.0,-100.0,-100.0,,2019-03-01
Besucher*innen,Bayerisches Staatsorchester,4242.0,4285.0,,-1.0,4489.0,2019-04-01
Besucher*innen,Bayerisches Staatsorchester,419.0,4534.0,-90.12,-90.76,4115.0,2019-05-01
Besucher*innen,Bayerisches Staatsorchester,133.0,815.0,-68.26,-83.68,4053.0,2019-06-01
Besucher*innen,Bayerisches Staatsorchester,2860.0,11551.0,2050.38,-75.24,3263.0,2019-07-01
Besucher*innen,Bayerisches Staatsorchester,,,,,,2019-08-01
Besucher*innen,Bayerisches Staatsorchester,2097.0,7550.0,,-72.23,2767.0,2019-09-01
Besucher*innen,Bayerisches Staatsorchester,2498.0,6328.0,19.12,-60.52,2419.0,2019-10-01
Besucher*innen,Bayerisches Staatsorchester,1809.0,863.0,-27.58,109.62,2505.0,2019-11-01
Besucher*innen,Bayerisches Staatsorchester,5685.0,1281.0,214.26,343.79,2905.0,2019-12-01
Besucher*innen,Bayerisches Staatsorchester,335.0,1095.0,-94.84,-69.41,4080.0,2018-01-01
Besucher*innen,Bayerisches Staatsorchester,880.0,4841.0,162.69,-81.82,3684.0,2018-02-01
Besucher*innen,Bayerisches Staatsorchester,4744.0,4394.0,439.09,7.97,3719.0,2018-03-01
Besucher*innen,Bayerisches Staatsorchester,4285.0,400.0,-9.68,971.25,4107.0,2018-04-01
Besucher*innen,Bayerisches Staatsorchester,4534.0,477.0,5.81,850.52,4513.0,2018-05-01
Besucher*innen,Bayerisches Staatsorchester,815.0,4494.0,-82.02,-81.86,4145.0,2018-06-01
Besucher*innen,Bayerisches Staatsorchester,11551.0,7570.0,1317.3,52.59,4543.0,2018-07-01
Besucher*innen,Bayerisches Staatsorchester,,,,,,2018-08-01
Besucher*innen,Bayerisches Staatsorchester,7550.0,,,,4816.0,2018-09-01
Besucher*innen,Bayerisches Staatsorchester,6328.0,6463.0,-16.19,-2.09,4804.0,2018-10-01
Besucher*innen,Bayerisches Staatsorchester,863.0,5332.0,-86.36,-83.81,4398.0,2018-11-01
Besucher*innen,Bayerisches Staatsorchester,1281.0,6490.0,48.44,-80.26,3924.0,2018-12-01
Besucher*innen,Bayerisches Staatsorchester,1095.0,5093.0,-72.01,-78.5,3827.0,2017-01-01
Besucher*innen,Bayerisches Staatsorchester,4841.0,6703.0,342.1,-27.78,3657.0,2017-02-01
Besucher*innen,Bayerisches Staatsorchester,4394.0,4194.0,-9.23,4.77,3676.0,2017-03-01
Besucher*innen,Bayerisches Staatsorchester,400.0,529.0,-90.9,-24.39,3664.0,2017-04-01
Besucher*innen,Bayerisches Staatsorchester,477.0,226.0,19.25,111.06,3687.0,2017-05-01
Besucher*innen,Bayerisches Staatsorchester,4494.0,4194.0,842.14,7.15,3714.0,2017-06-01
Besucher*innen,Bayerisches Staatsorchester,7570.0,10719.0,68.45,-29.38,3428.0,2017-07-01
Besucher*innen,Bayerisches Staatsorchester,,,,,,2017-08-01
Besucher*innen,Bayerisches Staatsorchester,,4170.0,,,,2017-09-01
Besucher*innen,Bayerisches Staatsorchester,6463.0,4526.0,,42.8,3547.0,2017-10-01
Besucher*innen,Bayerisches Staatsorchester,5332.0,1826.0,-17.5,192.0,3898.0,2017-11-01
Besucher*innen,Bayerisches Staatsorchester,6490.0,3912.0,21.72,65.9,4156.0,2017-12-01
Besucher*innen,Bayerisches Staatsorchester,5093.0,4514.0,7501.49,12.83,3804.0,2016-01-01
Besucher*innen,Bayerisches Staatsorchester,6703.0,4641.0,31.61,44.43,4010.0,2016-02-01
Besucher*innen,Bayerisches Staatsorchester,4194.0,227.0,-37.43,1747.58,4407.0,2016-03-01
Besucher*innen,Bayerisches Staatsorchester,529.0,6358.0,-87.39,-91.68,3824.0,2016-04-01
Besucher*innen,Bayerisches Staatsorchester,226.0,102.0,-57.28,121.57,3836.0,2016-05-01
Besucher*innen,Bayerisches Staatsorchester,4194.0,4249.0,1755.75,-1.29,3831.0,2016-06-01
Besucher*innen,Bayerisches Staatsorchester,10719.0,7994.0,155.58,34.09,4103.0,2016-07-01
Besucher*innen,Bayerisches Staatsorchester,,,,,,2016-08-01
Besucher*innen,Bayerisches Staatsorchester,4170.0,,,,4109.0,2016-09-01
Besucher*innen,Bayerisches Staatsorchester,4526.0,4944.0,8.54,-8.45,4071.0,2016-10-01
Besucher*innen,Bayerisches Staatsorchester,1826.0,4363.0,-59.66,-58.15,3841.0,2016-11-01
Besucher*innen,Bayerisches Staatsorchester,3912.0,67.0,114.24,5738.81,4190.0,2016-12-01
Besucher*innen,Bayerisches Staatsorchester,4514.0,6790.0,213.04,-33.52,3629.0,2015-01-01
Besucher*innen,Bayerisches Staatsorchester,4641.0,4625.0,2.81,0.35,3630.0,2015-02-01
Besucher*innen,Bayerisches Staatsorchester,227.0,310.0,-95.11,-26.77,3623.0,2015-03-01
Besucher*innen,Bayerisches Staatsorchester,6358.0,4395.0,2700.88,44.66,3801.0,2015-04-01
Besucher*innen,Bayerisches Staatsorchester,102.0,792.0,-98.4,-87.12,3738.0,2015-05-01
Besucher*innen,Bayerisches Staatsorchester,4249.0,7578.0,4065.69,-43.93,3436.0,2015-06-01
Besucher*innen,Bayerisches Staatsorchester,7994.0,5947.0,88.14,34.42,3622.0,2015-07-01
Besucher*innen,Bayerisches Staatsorchester,,,,,,2015-08-01
Besucher*innen,Bayerisches Staatsorchester,,4194.0,,,,2015-09-01
Besucher*innen,Bayerisches Staatsorchester,4944.0,315.0,,1469.52,4028.0,2015-10-01
Besucher*innen,Bayerisches Staatsorchester,4363.0,5804.0,-11.75,-24.83,3883.0,2015-11-01
Besucher*innen,Bayerisches Staatsorchester,67.0,1442.0,-98.46,-95.35,3746.0,2015-12-01
Besucher*innen,Bayerisches Staatsorchester,6790.0,,935.06,,3812.0,2014-01-01
Besucher*innen,Bayerisches Staatsorchester,4625.0,4795.0,-31.89,-3.55,3796.0,2014-02-01
Besucher*innen,Bayerisches Staatsorchester,310.0,514.0,-93.3,-39.69,3778.0,2014-03-01
Besucher*innen,Bayerisches Staatsorchester,4395.0,4689.0,1317.74,-6.27,3751.0,2014-04-01
Besucher*innen,Bayerisches Staatsorchester,792.0,6015.0,-81.98,-86.83,3276.0,2014-05-01
Besucher*innen,Bayerisches Staatsorchester,7578.0,4383.0,856.82,72.9,3567.0,2014-06-01
Besucher*innen,Bayerisches Staatsorchester,5947.0,4588.0,-21.52,29.62,3690.0,2014-07-01
Besucher*innen,Bayerisches Staatsorchester,,,,,,2014-08-01
Besucher*innen,Bayerisches Staatsorchester,4194.0,3415.0,,22.81,3761.0,2014-09-01
Besucher*innen,Bayerisches Staatsorchester,315.0,4473.0,-92.49,-92.96,3383.0,2014-10-01
Besucher*innen,Bayerisches Staatsorchester,5804.0,1613.0,1742.54,259.83,3764.0,2014-11-01
Besucher*innen,Bayerisches Staatsorchester,1442.0,656.0,-75.16,119.82,3836.0,2014-12-01
Besucher*innen,Bayerisches Staatsorchester,,4635.0,,,,2013-01-01
Besucher*innen,Bayerisches Staatsorchester,4795.0,342.0,,1302.05,4150.0,2013-02-01
Besucher*innen,Bayerisches Staatsorchester,514.0,4096.0,-89.28,-87.45,3792.0,2013-03-01
Besucher*innen,Bayerisches Staatsorchester,4689.0,969.0,812.26,383.9,4164.0,2013-04-01
Besucher*innen,Bayerisches Staatsorchester,6015.0,4359.0,28.28,37.99,4330.0,2013-05-01
Besucher*innen,Bayerisches Staatsorchester,4383.0,6160.0,-27.13,-28.85,4152.0,2013-06-01
Besucher*innen,Bayerisches Staatsorchester,4588.0,6247.0,4.68,-26.56,3986.0,2013-07-01
Besucher*innen,Bayerisches Staatsorchester,,,,,,2013-08-01
Besucher*innen,Bayerisches Staatsorchester,3415.0,3950.0,,-13.54,3933.0,2013-09-01
Besucher*innen,Bayerisches Staatsorchester,4473.0,1964.0,30.98,127.75,4184.0,2013-10-01
Besucher*innen,Bayerisches Staatsorchester,1613.0,4975.0,-63.94,-67.58,3847.0,2013-11-01
Besucher*innen,Bayerisches Staatsorchester,656.0,3988.0,-59.33,-83.55,3514.0,2013-12-01
Besucher*innen,Bayerisches Staatsorchester,4635.0,467.0,-47.66,892.51,5514.0,2012-01-01
Besucher*innen,Bayerisches Staatsorchester,342.0,4560.0,-92.62,-92.5,4986.0,2012-02-01
Besucher*innen,Bayerisches Staatsorchester,4096.0,,1097.66,,4887.0,2012-03-01
Besucher*innen,Bayerisches Staatsorchester,969.0,4714.0,-76.34,-79.44,4471.0,2012-04-01
Besucher*innen,Bayerisches Staatsorchester,4359.0,4031.0,349.85,8.14,4508.0,2012-05-01
Besucher*innen,Bayerisches Staatsorchester,6160.0,,41.32,,4673.0,2012-06-01
Besucher*innen,Bayerisches Staatsorchester,6247.0,9725.0,1.41,-35.76,4325.0,2012-07-01
Besucher*innen,Bayerisches Staatsorchester,,,,,,2012-08-01
Besucher*innen,Bayerisches Staatsorchester,3950.0,,,,4291.0,2012-09-01
Besucher*innen,Bayerisches Staatsorchester,1964.0,4994.0,-50.28,-60.67,4016.0,2012-10-01
Besucher*innen,Bayerisches Staatsorchester,4975.0,2593.0,153.31,91.86,4232.0,2012-11-01
Besucher*innen,Bayerisches Staatsorchester,3988.0,8856.0,-19.84,-54.97,3790.0,2012-12-01
Besucher*innen,Bayerisches Staatsorchester,467.0,6735.0,78.93,-93.07,3097.0,2011-01-01
Besucher*innen,Bayerisches Staatsorchester,4560.0,612.0,876.45,645.1,3491.0,2011-02-01
Besucher*innen,Bayerisches Staatsorchester,,3624.0,,,,2011-03-01
Besucher*innen,Bayerisches Staatsorchester,4714.0,5655.0,,-16.64,3372.0,2011-04-01
Besucher*innen,Bayerisches Staatsorchester,4031.0,5152.0,-14.49,-21.76,3247.0,2011-05-01
Besucher*innen,Bayerisches Staatsorchester,,475.0,,,,2011-06-01
Besucher*innen,Bayerisches Staatsorchester,9725.0,4011.0,,142.46,4308.0,2011-07-01
Besucher*innen,Bayerisches Staatsorchester,,,,,,2011-08-01
Besucher*innen,Bayerisches Staatsorchester,,,,,,2011-09-01
Besucher*innen,Bayerisches Staatsorchester,4994.0,1217.0,,310.35,4780.0,2011-10-01
Besucher*innen,Bayerisches Staatsorchester,2593.0,9491.0,-48.08,-72.68,3918.0,2011-11-01
Besucher*innen,Bayerisches Staatsorchester,8856.0,261.0,241.53,3293.1,4993.0,2011-12-01
Besucher*innen,Bayerisches Staatsorchester,6735.0,4190.0,1247.0,60.74,3856.0,2010-01-01
Besucher*innen,Bayerisches Staatsorchester,612.0,548.0,-90.91,11.68,3861.0,2010-02-01
Besucher*innen,Bayerisches Staatsorchester,3624.0,4830.0,492.16,-24.97,3752.0,2010-03-01
Besucher*innen,Bayerisches Staatsorchester,5655.0,6780.0,56.04,-16.59,3649.0,2010-04-01
Besucher*innen,Bayerisches Staatsorchester,5152.0,4308.0,-8.89,19.59,3726.0,2010-05-01
Besucher*innen,Bayerisches Staatsorchester,475.0,178.0,-90.78,166.85,3753.0,2010-06-01
Besucher*innen,Bayerisches Staatsorchester,4011.0,8209.0,744.42,-51.14,3372.0,2010-07-01
Besucher*innen,Bayerisches Staatsorchester,,,,,,2010-08-01
Besucher*innen,Bayerisches Staatsorchester,,3793.0,,,,2010-09-01
Besucher*innen,Bayerisches Staatsorchester,1217.0,1554.0,,-21.69,3296.0,2010-10-01
Besucher*innen,Bayerisches Staatsorchester,9491.0,4976.0,679.87,90.74,3747.0,2010-11-01
Besucher*innen,Bayerisches Staatsorchester,261.0,500.0,-97.25,-47.8,3723.0,2010-12-01
Besucher*innen,Bayerisches Staatsorchester,4190.0,699.0,-11.66,499.43,4260.0,2009-01-01
Besucher*innen,Bayerisches Staatsorchester,548.0,4779.0,-86.92,-88.53,3790.0,2009-02-01
Besucher*innen,Bayerisches Staatsorchester,4830.0,,781.39,,3894.0,2009-03-01
Besucher*innen,Bayerisches Staatsorchester,6780.0,4882.0,40.37,38.88,4084.0,2009-04-01
Besucher*innen,Bayerisches Staatsorchester,4308.0,567.0,-36.46,659.79,4458.0,2009-05-01
Besucher*innen,Bayerisches Staatsorchester,178.0,6097.0,-95.87,-97.08,3866.0,2009-06-01
Besucher*innen,Bayerisches Staatsorchester,8209.0,6752.0,4511.8,21.58,4012.0,2009-07-01
Besucher*innen,Bayerisches Staatsorchester,,,,,,2009-08-01
Besucher*innen,Bayerisches Staatsorchester,3793.0,,,,3992.0,2009-09-01
Besucher*innen,Bayerisches Staatsorchester,1554.0,1735.0,-59.03,-10.43,3976.0,2009-10-01
Besucher*innen,Bayerisches Staatsorchester,4976.0,4599.0,220.21,8.2,4010.0,2009-11-01
Besucher*innen,Bayerisches Staatsorchester,500.0,4743.0,-89.95,-89.46,3624.0,2009-12-01
Besucher*innen,Bayerisches Staatsorchester,699.0,4338.0,,-83.89,3887.0,2008-01-01
Besucher*innen,Bayerisches Staatsorchester,4779.0,6853.0,583.69,-30.26,3679.0,2008-02-01
Besucher*innen,Bayerisches Staatsorchester,,677.0,,,,2008-03-01
Besucher*innen,Bayerisches Staatsorchester,4882.0,3805.0,,28.3,4132.0,2008-04-01
Besucher*innen,Bayerisches Staatsorchester,567.0,795.0,-88.39,-28.68,4107.0,2008-05-01
Besucher*innen,Bayerisches Staatsorchester,6097.0,3879.0,975.31,57.18,4354.0,2008-06-01
Besucher*innen,Bayerisches Staatsorchester,6752.0,7974.0,10.74,-15.32,4218.0,2008-07-01
Besucher*innen,Bayerisches Staatsorchester,,,,,,2008-08-01
Besucher*innen,Bayerisches Staatsorchester,,4568.0,,,,2008-09-01
Besucher*innen,Bayerisches Staatsorchester,1735.0,5054.0,,-65.67,3759.0,2008-10-01
Besucher*innen,Bayerisches Staatsorchester,4599.0,4562.0,165.07,0.81,3764.0,2008-11-01
Besucher*innen,Bayerisches Staatsorchester,4743.0,,3.13,,3873.0,2008-12-01
Besucher*innen,Bayerisches Staatsorchester,4338.0,962.0,554.3,350.94,3868.0,2007-01-01
Besucher*innen,Bayerisches Staatsorchester,6853.0,8155.0,57.98,-15.97,3738.0,2007-02-01
Besucher*innen,Bayerisches Staatsorchester,677.0,717.0,-90.12,-5.58,3734.0,2007-03-01
Besucher*innen,Bayerisches Staatsorchester,3805.0,7516.0,462.04,-49.37,3363.0,2007-04-01
Besucher*innen,Bayerisches Staatsorchester,795.0,5369.0,-79.11,-85.19,2905.0,2007-05-01
Besucher*innen,Bayerisches Staatsorchester,3879.0,,387.92,,2994.0,2007-06-01
Besucher*innen,Bayerisches Staatsorchester,7974.0,2823.0,105.57,182.47,3462.0,2007-07-01
Besucher*innen,Bayerisches Staatsorchester,,,,,,2007-08-01
Besucher*innen,Bayerisches Staatsorchester,4568.0,3193.0,,43.06,3587.0,2007-09-01
Besucher*innen,Bayerisches Staatsorchester,5054.0,5357.0,10.64,-5.66,3559.0,2007-10-01
Besucher*innen,Bayerisches Staatsorchester,4562.0,547.0,-9.73,734.0,3924.0,2007-11-01
Besucher*innen,Bayerisches Staatsorchester,,663.0,,,,2007-12-01
Besucher*innen,Bayerisches Staatsorchester,962.0,3823.0,-77.93,-74.84,3753.0,2006-01-01
Besucher*innen,Bayerisches Staatsorchester,8155.0,5240.0,747.71,55.63,4044.0,2006-02-01
Besucher*innen,Bayerisches Staatsorchester,717.0,2865.0,-91.21,-74.97,3829.0,2006-03-01
Besucher*innen,Bayerisches Staatsorchester,7516.0,4572.0,948.26,64.39,4124.0,2006-04-01
Besucher*innen,Bayerisches Staatsorchester,5369.0,4330.0,-28.57,24.0,4228.0,2006-05-01
Besucher*innen,Bayerisches Staatsorchester,,685.0,,,,2006-06-01
Besucher*innen,Bayerisches Staatsorchester,2823.0,5192.0,,-45.63,4358.0,2006-07-01
Besucher*innen,Bayerisches Staatsorchester,,,,,,2006-08-01
Besucher*innen,Bayerisches Staatsorchester,3193.0,,,,4242.0,2006-09-01
Besucher*innen,Bayerisches Staatsorchester,5357.0,4394.0,67.77,21.92,4338.0,2006-10-01
Besucher*innen,Bayerisches Staatsorchester,547.0,4929.0,-89.79,-88.9,3900.0,2006-11-01
Besucher*innen,Bayerisches Staatsorchester,663.0,4358.0,21.21,-84.79,3530.0,2006-12-01
Besucher*innen,Bayerisches Staatsorchester,3823.0,662.0,,477.49,4176.0,2005-01-01
Besucher*innen,Bayerisches Staatsorchester,5240.0,453.0,37.07,1056.73,4707.0,2005-02-01
Besucher*innen,Bayerisches Staatsorchester,2865.0,5197.0,-45.32,-44.87,4448.0,2005-03-01
Besucher*innen,Bayerisches Staatsorchester,4572.0,737.0,59.58,520.35,4874.0,2005-04-01
Besucher*innen,Bayerisches Staatsorchester,4330.0,4224.0,-5.29,2.51,4886.0,2005-05-01
Besucher*innen,Bayerisches Staatsorchester,685.0,4240.0,-84.18,-83.84,4491.0,2005-06-01
Besucher*innen,Bayerisches Staatsorchester,5192.0,7155.0,657.96,-27.44,4273.0,2005-07-01
Besucher*innen,Bayerisches Staatsorchester,,,,,,2005-08-01
Besucher*innen,Bayerisches Staatsorchester,,,,,,2005-09-01
Besucher*innen,Bayerisches Staatsorchester,4394.0,6448.0,,-31.85,4045.0,2005-10-01
Besucher*innen,Bayerisches Staatsorchester,4929.0,5303.0,12.18,-7.05,4003.0,2005-11-01
Besucher*innen,Bayerisches Staatsorchester,4358.0,,-11.58,,4039.0,2005-12-01
Besucher*innen,Bayerisches Staatsorchester,662.0,4689.0,-81.93,-85.88,3596.0,2004-01-01
Besucher*innen,Bayerisches Staatsorchester,453.0,247.0,-31.57,83.4,3616.0,2004-02-01
Besucher*innen,Bayerisches Staatsorchester,5197.0,1060.0,1047.24,390.28,4030.0,2004-03-01
Besucher*innen,Bayerisches Staatsorchester,737.0,3965.0,-85.82,-81.41,3707.0,2004-04-01
Besucher*innen,Bayerisches Staatsorchester,4224.0,877.0,473.13,381.64,4042.0,2004-05-01
Besucher*innen,Bayerisches Staatsorchester,4240.0,6987.0,0.38,-39.32,3767.0,2004-06-01
Besucher*innen,Bayerisches Staatsorchester,7155.0,9545.0,68.75,-25.04,3528.0,2004-07-01
Besucher*innen,Bayerisches Staatsorchester,,,,,,2004-08-01
Besucher*innen,Bayerisches Staatsorchester,,,,,,2004-09-01
Besucher*innen,Bayerisches Staatsorchester,6448.0,4561.0,,41.37,3717.0,2004-10-01
Besucher*innen,Bayerisches Staatsorchester,5303.0,4389.0,-17.76,20.82,3808.0,2004-11-01
Besucher*innen,Bayerisches Staatsorchester,,3664.0,,,,2004-12-01
Besucher*innen,Bayerisches Staatsorchester,4689.0,611.0,-27.74,667.43,4656.0,2003-01-01
Besucher*innen,Bayerisches Staatsorchester,247.0,5232.0,-94.73,-95.28,4203.0,2003-02-01
Besucher*innen,Bayerisches Staatsorchester,1060.0,4799.0,329.15,-77.91,3863.0,2003-03-01
Besucher*innen,Bayerisches Staatsorchester,3965.0,4693.0,274.06,-15.51,3797.0,2003-04-01
Besucher*innen,Bayerisches Staatsorchester,877.0,1132.0,-77.88,-22.53,3773.0,2003-05-01
Besucher*innen,Bayerisches Staatsorchester,6987.0,4165.0,696.69,67.76,4030.0,2003-06-01
Besucher*innen,Bayerisches Staatsorchester,9545.0,9471.0,36.61,0.78,4037.0,2003-07-01
Besucher*innen,Bayerisches Staatsorchester,,,,,,2003-08-01
Besucher*innen,Bayerisches Staatsorchester,,2026.0,,,,2003-09-01
Besucher*innen,Bayerisches Staatsorchester,4561.0,2723.0,,67.5,4422.0,2003-10-01
Besucher*innen,Bayerisches Staatsorchester,4389.0,5795.0,-3.77,-24.26,4281.0,2003-11-01
Besucher*innen,Bayerisches Staatsorchester,3664.0,6489.0,-16.52,-43.54,3998.0,2003-12-01
Besucher*innen,Bayerisches Staatsorchester,611.0,5447.0,-84.91,-88.78,4562.0,2002-01-01
Besucher*innen,Bayerisches Staatsorchester,5232.0,4827.0,756.3,8.39,4607.0,2002-02-01
Besucher*innen,Bayerisches Staatsorchester,4799.0,4895.0,-8.28,-1.96,4597.0,2002-03-01
Besucher*innen,Bayerisches Staatsorchester,4693.0,3416.0,-2.21,37.38,4739.0,2002-04-01
Besucher*innen,Bayerisches Staatsorchester,1132.0,7146.0,-75.88,-84.16,4070.0,2002-05-01
Besucher*innen,Bayerisches Staatsorchester,4165.0,,267.93,,4080.0,2002-06-01
Besucher*innen,Bayerisches Staatsorchester,9471.0,7542.0,127.39,25.58,4273.0,2002-07-01
Besucher*innen,Bayerisches Staatsorchester,,,,,,2002-08-01
Besucher*innen,Bayerisches Staatsorchester,2026.0,,,,4068.0,2002-09-01
Besucher*innen,Bayerisches Staatsorchester,2723.0,3810.0,34.4,-28.53,3970.0,2002-10-01
Besucher*innen,Bayerisches Staatsorchester,5795.0,4765.0,112.82,21.62,4063.0,2002-11-01
Besucher*innen,Bayerisches Staatsorchester,6489.0,4049.0,11.98,60.26,4285.0,2002-12-01
Besucher*innen,Bayerisches Staatsorchester,5447.0,2879.0,40.39,89.2,4029.0,2001-01-01
Besucher*innen,Bayerisches Staatsorchester,4827.0,601.0,-11.38,703.16,4451.0,2001-02-01
Besucher*innen,Bayerisches Staatsorchester,4895.0,4057.0,1.41,20.66,4535.0,2001-03-01
Besucher*innen,Bayerisches Staatsorchester,3416.0,4506.0,-30.21,-24.19,4426.0,2001-04-01
Besucher*innen,Bayerisches Staatsorchester,7146.0,481.0,109.19,1385.65,5093.0,2001-05-01
Besucher*innen,Bayerisches Staatsorchester,,6055.0,,,,2001-06-01
Besucher*innen,Bayerisches Staatsorchester,7542.0,9257.0,,-18.53,4795.0,2001-07-01
Besucher*innen,Bayerisches Staatsorchester,,,,,,2001-08-01
Besucher*innen,Bayerisches Staatsorchester,,,,,,2001-09-01
Besucher*innen,Bayerisches Staatsorchester,3810.0,5133.0,,-25.77,4648.0,2001-10-01
Besucher*innen,Bayerisches Staatsorchester,4765.0,870.0,25.07,447.7,5081.0,2001-11-01
Besucher*innen,Bayerisches Staatsorchester,4049.0,3880.0,-15.03,4.36,5100.0,2001-12-01
Besucher*innen,Bayerisches Staatsorchester,2879.0,,,,2879.0,2000-01-01
Besucher*innen,Bayerisches Staatsorchester,601.0,,-79.12,,1740.0,2000-02-01
Besucher*innen,Bayerisches Staatsorchester,4057.0,,575.04,,2512.0,2000-03-01
Besucher*innen,Bayerisches Staatsorchester,4506.0,,11.07,,3011.0,2000-04-01
Besucher*innen,Bayerisches Staatsorchester,481.0,,-89.33,,2505.0,2000-05-01
Besucher*innen,Bayerisches Staatsorchester,6055.0,,1158.84,,3097.0,2000-06-01
Besucher*innen,Bayerisches Staatsorchester,9257.0,,52.88,,3977.0,2000-07-01
Besucher*innen,Bayerisches Staatsorchester,,,,,,2000-08-01
Besucher*innen,Bayerisches Staatsorchester,,,,,,2000-09-01
Besucher*innen,Bayerisches Staatsorchester,5133.0,,,,4121.0,2000-10-01
Besucher*innen,Bayerisches Staatsorchester,870.0,,-83.05,,3760.0,2000-11-01
Besucher*innen,Bayerisches Staatsorchester,3880.0,,345.98,,3772.0,2000-12-01
Besucher*innen,Münchner Philharmoniker,14843.0,14213.0,-14.0,4.43,16974.0,2020-01-01
Besucher*innen,Münchner Philharmoniker,21566.0,15241.0,45.29,41.5,17549.0,2020-02-01
Besucher*innen,Münchner Philharmoniker,0.0,21687.0,,,,2020-03-01
Besucher*innen,Münchner Philharmoniker,0.0,17448.0,,,,2020-04-01
Besucher*innen,Münchner Philharmoniker,0.0,24575.0,,,,2020-05-01
Besucher*innen,Münchner Philharmoniker,14213.0,13351.0,28.88,6.46,17389.0,2019-01-01
Besucher*innen,Münchner Philharmoniker,15241.0,29183.0,7.23,-47.77,16122.0,2019-02-01
Besucher*innen,Münchner Philharmoniker,21687.0,19581.0,42.29,10.76,16313.0,2019-03-01
Besucher*innen,Münchner Philharmoniker,17448.0,17906.0,-19.55,-2.56,16271.0,2019-04-01
Besucher*innen,Münchner Philharmoniker,24575.0,8589.0,40.85,186.12,17725.0,2019-05-01
Besucher*innen,Münchner Philharmoniker,14199.0,26049.0,-42.22,-45.49,16647.0,2019-06-01
Besucher*innen,Münchner Philharmoniker,16756.0,18698.0,18.01,-10.39,16471.0,2019-07-01
Besucher*innen,Münchner Philharmoniker,,,,,,2019-08-01
Besucher*innen,Münchner Philharmoniker,5598.0,5884.0,,-4.86,16445.0,2019-09-01
Besucher*innen,Münchner Philharmoniker,19786.0,27413.0,253.45,-27.82,15751.0,2019-10-01
Besucher*innen,Münchner Philharmoniker,19326.0,12735.0,-2.32,51.76,16351.0,2019-11-01
Besucher*innen,Münchner Philharmoniker,17260.0,11028.0,-10.69,56.51,16917.0,2019-12-01
Besucher*innen,Münchner Philharmoniker,13351.0,13730.0,-11.64,-2.76,14294.0,2018-01-01
Besucher*innen,Münchner Philharmoniker,29183.0,20406.0,118.58,43.01,15092.0,2018-02-01
Besucher*innen,Münchner Philharmoniker,19581.0,22283.0,-32.9,-12.13,14847.0,2018-03-01
Besucher*innen,Münchner Philharmoniker,17906.0,7331.0,-8.55,144.25,15808.0,2018-04-01
Besucher*innen,Münchner Philharmoniker,8589.0,17042.0,-52.03,-49.6,15040.0,2018-05-01
Besucher*innen,Münchner Philharmoniker,26049.0,18265.0,203.28,42.62,15747.0,2018-06-01
Besucher*innen,Münchner Philharmoniker,18698.0,11583.0,-28.22,61.43,16394.0,2018-07-01
Besucher*innen,Münchner Philharmoniker,,,,,,2018-08-01
Besucher*innen,Münchner Philharmoniker,5884.0,4410.0,,33.42,16528.0,2018-09-01
Besucher*innen,Münchner Philharmoniker,27413.0,23412.0,365.89,17.09,16892.0,2018-10-01
Besucher*innen,Münchner Philharmoniker,12735.0,4045.0,-53.54,214.83,17682.0,2018-11-01
Besucher*innen,Münchner Philharmoniker,11028.0,15110.0,-13.4,-27.02,17311.0,2018-12-01
Besucher*innen,Münchner Philharmoniker,13730.0,17974.0,-22.09,-23.61,17356.0,2017-01-01
Besucher*innen,Münchner Philharmoniker,20406.0,18203.0,48.62,12.1,17556.0,2017-02-01
Besucher*innen,Münchner Philharmoniker,22283.0,21412.0,9.2,4.07,17635.0,2017-03-01
Besucher*innen,Münchner Philharmoniker,7331.0,23154.0,-67.1,-68.34,16197.0,2017-04-01
Besucher*innen,Münchner Philharmoniker,17042.0,1101.0,132.46,1447.87,17646.0,2017-05-01
Besucher*innen,Münchner Philharmoniker,18265.0,19710.0,7.18,-7.33,17515.0,2017-06-01
Besucher*innen,Münchner Philharmoniker,11583.0,15892.0,-36.58,-27.11,17123.0,2017-07-01
Besucher*innen,Münchner Philharmoniker,,,,,,2017-08-01
Besucher*innen,Münchner Philharmoniker,4410.0,18131.0,,-75.68,15876.0,2017-09-01
Besucher*innen,Münchner Philharmoniker,23412.0,11831.0,430.88,97.89,16929.0,2017-10-01
Besucher*innen,Münchner Philharmoniker,4045.0,30128.0,-82.72,-86.57,14557.0,2017-11-01
Besucher*innen,Münchner Philharmoniker,15110.0,17624.0,273.55,-14.26,14329.0,2017-12-01
Besucher*innen,Münchner Philharmoniker,17974.0,18443.0,6.98,-2.54,18156.0,2016-01-01
Besucher*innen,Münchner Philharmoniker,18203.0,23885.0,1.27,-23.79,17640.0,2016-02-01
Besucher*innen,Münchner Philharmoniker,21412.0,17453.0,17.63,22.68,18000.0,2016-03-01
Besucher*innen,Münchner Philharmoniker,23154.0,22668.0,8.14,2.14,18044.0,2016-04-01
Besucher*innen,Münchner Philharmoniker,1101.0,15455.0,-95.24,-92.88,16739.0,2016-05-01
Besucher*innen,Münchner Philharmoniker,19710.0,15689.0,1690.19,25.63,17104.0,2016-06-01
Besucher*innen,Münchner Philharmoniker,15892.0,12167.0,-19.37,30.62,17443.0,2016-07-01
Besucher*innen,Münchner Philharmoniker,,,,,,2016-08-01
Besucher*innen,Münchner Philharmoniker,18131.0,15585.0,,16.34,17674.0,2016-09-01
Besucher*innen,Münchner Philharmoniker,11831.0,19195.0,-34.75,-38.36,17005.0,2016-10-01
Besucher*innen,Münchner Philharmoniker,30128.0,22845.0,154.65,31.88,17667.0,2016-11-01
Besucher*innen,Münchner Philharmoniker,17624.0,16802.0,-41.5,4.89,17742.0,2016-12-01
Besucher*innen,Münchner Philharmoniker,18443.0,23062.0,44.99,-20.03,15886.0,2015-01-01
Besucher*innen,Münchner Philharmoniker,23885.0,18565.0,29.51,28.66,16369.0,2015-02-01
Besucher*innen,Münchner Philharmoniker,17453.0,17400.0,-26.93,0.3,16374.0,2015-03-01
Besucher*innen,Münchner Philharmoniker,22668.0,15490.0,29.88,46.34,17027.0,2015-04-01
Besucher*innen,Münchner Philharmoniker,15455.0,9157.0,-31.82,68.78,17599.0,2015-05-01
Besucher*innen,Münchner Philharmoniker,15689.0,21454.0,1.51,-26.87,17075.0,2015-06-01
Besucher*innen,Münchner Philharmoniker,12167.0,12395.0,-22.45,-1.84,17054.0,2015-07-01
Besucher*innen,Münchner Philharmoniker,,,,,,2015-08-01
Besucher*innen,Münchner Philharmoniker,15585.0,14080.0,,10.69,17191.0,2015-09-01
Besucher*innen,Münchner Philharmoniker,19195.0,2586.0,23.16,642.27,18701.0,2015-10-01
Besucher*innen,Münchner Philharmoniker,22845.0,32451.0,19.02,-29.6,17828.0,2015-11-01
Besucher*innen,Münchner Philharmoniker,16802.0,12720.0,-26.45,32.09,18199.0,2015-12-01
Besucher*innen,Münchner Philharmoniker,23062.0,23160.0,30.26,-0.42,17563.0,2014-01-01
Besucher*innen,Münchner Philharmoniker,18565.0,19664.0,-19.5,-5.59,17463.0,2014-02-01
Besucher*innen,Münchner Philharmoniker,17400.0,13754.0,-6.28,26.51,17794.0,2014-03-01
Besucher*innen,Münchner Philharmoniker,15490.0,7088.0,-10.98,118.54,18558.0,2014-04-01
Besucher*innen,Münchner Philharmoniker,9157.0,15241.0,-40.88,-39.92,18005.0,2014-05-01
Besucher*innen,Münchner Philharmoniker,21454.0,22493.0,134.29,-4.62,17911.0,2014-06-01
Besucher*innen,Münchner Philharmoniker,12395.0,15079.0,-42.23,-17.8,17667.0,2014-07-01
Besucher*innen,Münchner Philharmoniker,,,,,,2014-08-01
Besucher*innen,Münchner Philharmoniker,14080.0,14219.0,,-0.98,17654.0,2014-09-01
Besucher*innen,Münchner Philharmoniker,2586.0,25836.0,-81.63,-89.99,15540.0,2014-10-01
Besucher*innen,Münchner Philharmoniker,32451.0,19050.0,1154.87,70.35,16759.0,2014-11-01
Besucher*innen,Münchner Philharmoniker,12720.0,17704.0,-60.8,-28.15,16305.0,2014-12-01
Besucher*innen,Münchner Philharmoniker,23160.0,13484.0,73.17,71.76,20339.0,2013-01-01
Besucher*innen,Münchner Philharmoniker,19664.0,22450.0,-15.09,-12.41,20086.0,2013-02-01
Besucher*innen,Münchner Philharmoniker,13754.0,16490.0,-30.05,-16.59,19837.0,2013-03-01
Besucher*innen,Münchner Philharmoniker,7088.0,21467.0,-48.47,-66.98,18530.0,2013-04-01
Besucher*innen,Münchner Philharmoniker,15241.0,9876.0,115.03,54.32,19018.0,2013-05-01
Besucher*innen,Münchner Philharmoniker,22493.0,22401.0,47.58,0.41,19026.0,2013-06-01
Besucher*innen,Münchner Philharmoniker,15079.0,25503.0,-32.96,-40.87,18078.0,2013-07-01
Besucher*innen,Münchner Philharmoniker,,,,,,2013-08-01
Besucher*innen,Münchner Philharmoniker,14219.0,24366.0,,-41.64,17156.0,2013-09-01
Besucher*innen,Münchner Philharmoniker,25836.0,19020.0,81.7,35.84,17776.0,2013-10-01
Besucher*innen,Münchner Philharmoniker,19050.0,25623.0,-26.27,-25.65,17178.0,2013-11-01
Besucher*innen,Münchner Philharmoniker,17704.0,13374.0,-7.07,32.38,17572.0,2013-12-01
Besucher*innen,Münchner Philharmoniker,13484.0,19037.0,-36.44,-29.17,18700.0,2012-01-01
Besucher*innen,Münchner Philharmoniker,22450.0,7840.0,66.49,186.35,20028.0,2012-02-01
Besucher*innen,Münchner Philharmoniker,16490.0,25433.0,-26.55,-35.16,19215.0,2012-03-01
Besucher*innen,Münchner Philharmoniker,21467.0,27558.0,30.18,-22.1,18661.0,2012-04-01
Besucher*innen,Münchner Philharmoniker,9876.0,25914.0,-53.99,-61.89,17203.0,2012-05-01
Besucher*innen,Münchner Philharmoniker,22401.0,16004.0,126.82,39.97,17785.0,2012-06-01
Besucher*innen,Münchner Philharmoniker,25503.0,14838.0,13.85,71.88,18754.0,2012-07-01
Besucher*innen,Münchner Philharmoniker,,,,,,2012-08-01
Besucher*innen,Münchner Philharmoniker,24366.0,13532.0,,80.06,19739.0,2012-09-01
Besucher*innen,Münchner Philharmoniker,19020.0,16278.0,-21.94,16.84,19989.0,2012-10-01
Besucher*innen,Münchner Philharmoniker,25623.0,23604.0,34.72,8.55,20172.0,2012-11-01
Besucher*innen,Münchner Philharmoniker,13374.0,21213.0,-47.8,-36.95,19459.0,2012-12-01
Besucher*innen,Münchner Philharmoniker,19037.0,9930.0,-0.65,91.71,17265.0,2011-01-01
Besucher*innen,Münchner Philharmoniker,7840.0,11788.0,-58.82,-33.49,16906.0,2011-02-01
Besucher*innen,Münchner Philharmoniker,25433.0,16857.0,224.4,50.88,17685.0,2011-03-01
Besucher*innen,Münchner Philharmoniker,27558.0,16980.0,8.36,62.3,18647.0,2011-04-01
Besucher*innen,Münchner Philharmoniker,25914.0,21927.0,-5.97,18.18,19010.0,2011-05-01
Besucher*innen,Münchner Philharmoniker,16004.0,25053.0,-38.24,-36.12,18187.0,2011-06-01
Besucher*innen,Münchner Philharmoniker,14838.0,13189.0,-7.29,12.5,18337.0,2011-07-01
Besucher*innen,Münchner Philharmoniker,,,,,,2011-08-01
Besucher*innen,Münchner Philharmoniker,13532.0,9362.0,,44.54,18716.0,2011-09-01
Besucher*innen,Münchner Philharmoniker,16278.0,11959.0,20.29,36.12,19109.0,2011-10-01
Besucher*innen,Münchner Philharmoniker,23604.0,24599.0,45.01,-4.04,19018.0,2011-11-01
Besucher*innen,Münchner Philharmoniker,21213.0,19161.0,-10.13,10.71,19205.0,2011-12-01
Besucher*innen,Münchner Philharmoniker,9930.0,6996.0,-47.39,41.94,20265.0,2010-01-01
Besucher*innen,Münchner Philharmoniker,11788.0,25190.0,18.71,-53.2,19047.0,2010-02-01
Besucher*innen,Münchner Philharmoniker,16857.0,22008.0,43.0,-23.41,18579.0,2010-03-01
Besucher*innen,Münchner Philharmoniker,16980.0,26696.0,0.73,-36.39,17695.0,2010-04-01
Besucher*innen,Münchner Philharmoniker,21927.0,23409.0,29.13,-6.33,17561.0,2010-05-01
Besucher*innen,Münchner Philharmoniker,25053.0,22405.0,14.26,11.82,17801.0,2010-06-01
Besucher*innen,Münchner Philharmoniker,13189.0,19180.0,-47.36,-31.24,17257.0,2010-07-01
Besucher*innen,Münchner Philharmoniker,,,,,,2010-08-01
Besucher*innen,Münchner Philharmoniker,9362.0,8163.0,,14.69,17366.0,2010-09-01
Besucher*innen,Münchner Philharmoniker,11959.0,23669.0,27.74,-49.47,16301.0,2010-10-01
Besucher*innen,Münchner Philharmoniker,24599.0,23395.0,105.69,5.15,16411.0,2010-11-01
Besucher*innen,Münchner Philharmoniker,19161.0,18873.0,-22.11,1.53,16437.0,2010-12-01
Besucher*innen,Münchner Philharmoniker,6996.0,26317.0,-59.74,-73.42,16035.0,2009-01-01
Besucher*innen,Münchner Philharmoniker,25190.0,15921.0,260.06,58.22,16878.0,2009-02-01
Besucher*innen,Münchner Philharmoniker,22008.0,16308.0,-12.63,34.95,17396.0,2009-03-01
Besucher*innen,Münchner Philharmoniker,26696.0,20979.0,21.3,27.25,17916.0,2009-04-01
Besucher*innen,Münchner Philharmoniker,23409.0,22510.0,-12.31,3.99,17997.0,2009-05-01
Besucher*innen,Münchner Philharmoniker,22405.0,22437.0,-4.29,-0.14,17995.0,2009-06-01
Besucher*innen,Münchner Philharmoniker,19180.0,16422.0,-14.39,16.79,18245.0,2009-07-01
Besucher*innen,Münchner Philharmoniker,,,,,,2009-08-01
Besucher*innen,Münchner Philharmoniker,8163.0,7547.0,,8.16,18301.0,2009-09-01
Besucher*innen,Münchner Philharmoniker,23669.0,10034.0,189.95,135.89,19541.0,2009-10-01
Besucher*innen,Münchner Philharmoniker,23395.0,19855.0,-1.16,17.83,19863.0,2009-11-01
Besucher*innen,Münchner Philharmoniker,18873.0,17378.0,-19.33,8.6,19999.0,2009-12-01
Besucher*innen,Münchner Philharmoniker,26317.0,12258.0,4.72,114.69,19467.0,2008-01-01
Besucher*innen,Münchner Philharmoniker,15921.0,25047.0,-39.5,-36.44,18638.0,2008-02-01
Besucher*innen,Münchner Philharmoniker,16308.0,27218.0,2.43,-40.08,17646.0,2008-03-01
Besucher*innen,Münchner Philharmoniker,20979.0,14773.0,28.64,42.01,18210.0,2008-04-01
Besucher*innen,Münchner Philharmoniker,22510.0,14213.0,7.3,58.38,18964.0,2008-05-01
Besucher*innen,Münchner Philharmoniker,22437.0,28048.0,-0.32,-20.0,18454.0,2008-06-01
Besucher*innen,Münchner Philharmoniker,16422.0,14839.0,-26.81,10.67,18598.0,2008-07-01
Besucher*innen,Münchner Philharmoniker,,,,,,2008-08-01
Besucher*innen,Münchner Philharmoniker,7547.0,8015.0,,-5.84,18555.0,2008-09-01
Besucher*innen,Münchner Philharmoniker,10034.0,19893.0,32.95,-49.56,17659.0,2008-10-01
Besucher*innen,Münchner Philharmoniker,19855.0,10645.0,97.88,86.52,18496.0,2008-11-01
Besucher*innen,Münchner Philharmoniker,17378.0,25131.0,-12.48,-30.85,17792.0,2008-12-01
Besucher*innen,Münchner Philharmoniker,12258.0,21872.0,-47.59,-43.96,18171.0,2007-01-01
Besucher*innen,Münchner Philharmoniker,25047.0,27148.0,104.33,-7.74,17980.0,2007-02-01
Besucher*innen,Münchner Philharmoniker,27218.0,18037.0,8.67,50.9,18815.0,2007-03-01
Besucher*innen,Münchner Philharmoniker,14773.0,18349.0,-45.72,-19.49,18490.0,2007-04-01
Besucher*innen,Münchner Philharmoniker,14213.0,13448.0,-3.79,5.69,18559.0,2007-05-01
Besucher*innen,Münchner Philharmoniker,28048.0,24560.0,97.34,14.2,18876.0,2007-06-01
Besucher*innen,Münchner Philharmoniker,14839.0,16925.0,-47.09,-12.32,18687.0,2007-07-01
Besucher*innen,Münchner Philharmoniker,,,,,,2007-08-01
Besucher*innen,Münchner Philharmoniker,8015.0,6813.0,,17.64,18796.0,2007-09-01
Besucher*innen,Münchner Philharmoniker,19893.0,18451.0,148.2,7.82,18927.0,2007-10-01
Besucher*innen,Münchner Philharmoniker,10645.0,20506.0,-46.49,-48.09,18031.0,2007-11-01
Besucher*innen,Münchner Philharmoniker,25131.0,23387.0,136.08,7.46,18189.0,2007-12-01
Besucher*innen,Münchner Philharmoniker,21872.0,11888.0,30.24,83.98,18514.0,2006-01-01
Besucher*innen,Münchner Philharmoniker,27148.0,15465.0,24.12,75.54,19576.0,2006-02-01
Besucher*innen,Münchner Philharmoniker,18037.0,16847.0,-33.56,7.06,19685.0,2006-03-01
Besucher*innen,Münchner Philharmoniker,18349.0,20609.0,1.73,-10.97,19479.0,2006-04-01
Besucher*innen,Münchner Philharmoniker,13448.0,26412.0,-26.71,-49.08,18301.0,2006-05-01
Besucher*innen,Münchner Philharmoniker,24560.0,27493.0,82.63,-10.67,18034.0,2006-06-01
Besucher*innen,Münchner Philharmoniker,16925.0,11276.0,-31.09,50.1,18548.0,2006-07-01
Besucher*innen,Münchner Philharmoniker,,,,,,2006-08-01
Besucher*innen,Münchner Philharmoniker,6813.0,4133.0,,64.84,18791.0,2006-09-01
Besucher*innen,Münchner Philharmoniker,18451.0,25858.0,170.82,-28.64,18118.0,2006-10-01
Besucher*innen,Münchner Philharmoniker,20506.0,16900.0,11.14,21.34,18446.0,2006-11-01
Besucher*innen,Münchner Philharmoniker,23387.0,16793.0,14.05,39.27,19045.0,2006-12-01
Besucher*innen,Münchner Philharmoniker,11888.0,25100.0,-35.44,-52.64,18528.0,2005-01-01
Besucher*innen,Münchner Philharmoniker,15465.0,17954.0,30.09,-13.86,18302.0,2005-02-01
Besucher*innen,Münchner Philharmoniker,16847.0,25122.0,8.94,-32.94,17549.0,2005-03-01
Besucher*innen,Münchner Philharmoniker,20609.0,24328.0,22.33,-15.29,17211.0,2005-04-01
Besucher*innen,Münchner Philharmoniker,26412.0,14575.0,28.16,81.21,18287.0,2005-05-01
Besucher*innen,Münchner Philharmoniker,27493.0,10721.0,4.09,156.44,19812.0,2005-06-01
Besucher*innen,Münchner Philharmoniker,11276.0,20441.0,-58.99,-44.84,18979.0,2005-07-01
Besucher*innen,Münchner Philharmoniker,,,,,,2005-08-01
Besucher*innen,Münchner Philharmoniker,4133.0,11888.0,,-65.23,18274.0,2005-09-01
Besucher*innen,Münchner Philharmoniker,25858.0,19903.0,525.65,29.92,18815.0,2005-10-01
Besucher*innen,Münchner Philharmoniker,16900.0,28571.0,-34.64,-40.85,17754.0,2005-11-01
Besucher*innen,Münchner Philharmoniker,16793.0,18415.0,-0.63,-8.81,17607.0,2005-12-01
Besucher*innen,Münchner Philharmoniker,25100.0,24182.0,0.33,3.8,20058.0,2004-01-01
Besucher*innen,Münchner Philharmoniker,17954.0,16042.0,-28.47,11.92,20231.0,2004-02-01
Besucher*innen,Münchner Philharmoniker,25122.0,30000.0,39.92,-16.26,19788.0,2004-03-01
Besucher*innen,Münchner Philharmoniker,24328.0,20886.0,-3.16,16.48,20101.0,2004-04-01
Besucher*innen,Münchner Philharmoniker,14575.0,21767.0,-40.09,-33.04,19447.0,2004-05-01
Besucher*innen,Münchner Philharmoniker,10721.0,15431.0,-26.44,-30.52,19019.0,2004-06-01
Besucher*innen,Münchner Philharmoniker,20441.0,13029.0,90.66,56.89,19693.0,2004-07-01
Besucher*innen,Münchner Philharmoniker,,,,,,2004-08-01
Besucher*innen,Münchner Philharmoniker,11888.0,17308.0,,-31.31,19200.0,2004-09-01
Besucher*innen,Münchner Philharmoniker,19903.0,11960.0,67.42,66.41,19922.0,2004-10-01
Besucher*innen,Münchner Philharmoniker,28571.0,24093.0,43.55,18.59,20329.0,2004-11-01
Besucher*innen,Münchner Philharmoniker,18415.0,25018.0,-35.55,-26.39,19729.0,2004-12-01
Besucher*innen,Münchner Philharmoniker,24182.0,23581.0,3.47,2.55,18273.0,2003-01-01
Besucher*innen,Münchner Philharmoniker,16042.0,14877.0,-33.66,7.83,18370.0,2003-02-01
Besucher*innen,Münchner Philharmoniker,30000.0,22431.0,87.01,33.74,19001.0,2003-03-01
Besucher*innen,Münchner Philharmoniker,20886.0,23404.0,-30.38,-10.76,18791.0,2003-04-01
Besucher*innen,Münchner Philharmoniker,21767.0,13651.0,4.22,59.45,19467.0,2003-05-01
Besucher*innen,Münchner Philharmoniker,15431.0,25154.0,-29.11,-38.65,18657.0,2003-06-01
Besucher*innen,Münchner Philharmoniker,13029.0,7140.0,-15.57,82.48,19148.0,2003-07-01
Besucher*innen,Münchner Philharmoniker,,2347.0,,,,2003-08-01
Besucher*innen,Münchner Philharmoniker,17308.0,14372.0,,20.43,20942.0,2003-09-01
Besucher*innen,Münchner Philharmoniker,11960.0,21218.0,-30.9,-43.63,20100.0,2003-10-01
Besucher*innen,Münchner Philharmoniker,24093.0,27128.0,101.45,-11.19,19825.0,2003-11-01
Besucher*innen,Münchner Philharmoniker,25018.0,23372.0,3.84,7.04,19974.0,2003-12-01
Besucher*innen,Münchner Philharmoniker,23581.0,21558.0,-14.62,9.38,22981.0,2002-01-01
Besucher*innen,Münchner Philharmoniker,14877.0,24074.0,-36.91,-38.2,22145.0,2002-02-01
Besucher*innen,Münchner Philharmoniker,22431.0,29487.0,50.78,-23.93,21503.0,2002-03-01
Besucher*innen,Münchner Philharmoniker,23404.0,21014.0,4.34,11.37,21721.0,2002-04-01
Besucher*innen,Münchner Philharmoniker,13651.0,10303.0,-41.67,32.5,22025.0,2002-05-01
Besucher*innen,Münchner Philharmoniker,25154.0,19958.0,84.26,26.03,22497.0,2002-06-01
Besucher*innen,Münchner Philharmoniker,7140.0,14316.0,-71.61,-50.13,21845.0,2002-07-01
Besucher*innen,Münchner Philharmoniker,2347.0,,-67.13,,20220.0,2002-08-01
Besucher*innen,Münchner Philharmoniker,14372.0,30713.0,512.36,-53.21,18859.0,2002-09-01
Besucher*innen,Münchner Philharmoniker,21218.0,20611.0,47.63,2.95,18909.0,2002-10-01
Besucher*innen,Münchner Philharmoniker,27128.0,31115.0,27.85,-12.81,18577.0,2002-11-01
Besucher*innen,Münchner Philharmoniker,23372.0,27619.0,-13.85,-15.38,18223.0,2002-12-01
Besucher*innen,Münchner Philharmoniker,21558.0,19192.0,-30.19,12.33,21882.0,2001-01-01
Besucher*innen,Münchner Philharmoniker,24074.0,16446.0,11.67,46.38,22576.0,2001-02-01
Besucher*innen,Münchner Philharmoniker,29487.0,29299.0,22.48,0.64,22593.0,2001-03-01
Besucher*innen,Münchner Philharmoniker,21014.0,20986.0,-28.73,0.13,22595.0,2001-04-01
Besucher*innen,Münchner Philharmoniker,10303.0,14768.0,-50.97,-30.23,22189.0,2001-05-01
Besucher*innen,Münchner Philharmoniker,19958.0,19355.0,93.71,3.12,22244.0,2001-06-01
Besucher*innen,Münchner Philharmoniker,14316.0,19246.0,-28.27,-25.62,21796.0,2001-07-01
Besucher*innen,Münchner Philharmoniker,,,,,,2001-08-01
Besucher*innen,Münchner Philharmoniker,30713.0,27857.0,,10.25,22056.0,2001-09-01
Besucher*innen,Münchner Philharmoniker,20611.0,11940.0,-32.89,72.62,22844.0,2001-10-01
Besucher*innen,Münchner Philharmoniker,31115.0,28369.0,50.96,9.68,23094.0,2001-11-01
Besucher*innen,Münchner Philharmoniker,27619.0,30880.0,-11.24,-10.56,22797.0,2001-12-01
Besucher*innen,Münchner Philharmoniker,19192.0,,,,19192.0,2000-01-01
Besucher*innen,Münchner Philharmoniker,16446.0,,-14.31,,17819.0,2000-02-01
Besucher*innen,Münchner Philharmoniker,29299.0,,78.15,,21646.0,2000-03-01
Besucher*innen,Münchner Philharmoniker,20986.0,,-28.37,,21481.0,2000-04-01
Besucher*innen,Münchner Philharmoniker,14768.0,,-29.63,,20138.0,2000-05-01
Besucher*innen,Münchner Philharmoniker,19355.0,,31.06,,20008.0,2000-06-01
Besucher*innen,Münchner Philharmoniker,19246.0,,-0.56,,19899.0,2000-07-01
Besucher*innen,Münchner Philharmoniker,,,,,,2000-08-01
Besucher*innen,Münchner Philharmoniker,27857.0,,,,20894.0,2000-09-01
Besucher*innen,Münchner Philharmoniker,11940.0,,-57.14,,19899.0,2000-10-01
Besucher*innen,Münchner Philharmoniker,28369.0,,137.6,,20746.0,2000-11-01
Besucher*innen,Münchner Philharmoniker,30880.0,,8.85,,21667.0,2000-12-01
